g_r,g_n,y,g,r,r10,psi,u,u100,e100,e,q,psigr
27.629,6.065,12.517,8.319,NA,NA,116.477,NA,NA,NA,NA,NA,69.1894793
26.248,5.971,12.483,7.681,NA,NA,114.87,NA,NA,NA,NA,NA,68.1083898
30.261,5.861,12.457,7.455,NA,NA,116.722,NA,NA,NA,NA,NA,67.9815574
36.094,6.024,12.652,8.898,NA,NA,115.096,NA,NA,NA,NA,NA,67.8235002
35.623,6.374,12.843,9.811,NA,NA,115.269,3.733333333,0.037333333,0.962666667,96.26666667,NA,67.0009551
37.686,6.161,13.055,10.418,NA,NA,115.224,3.666666667,0.036666667,0.963333333,96.33333333,NA,66.5417057
36.489,6.176,13.129,10.525,NA,NA,115.219,3.766666667,0.037666667,0.962333333,96.23333333,NA,67.2469079
33.815,6.32,13.144,10.022,NA,NA,114.277,3.833333333,0.038333333,0.961666667,96.16666667,NA,66.8173599
31.322,6.03,12.963,8.525,NA,NA,114.583,4.666666667,0.046666667,0.953333333,95.33333333,NA,66.9720568
30.798,5.806,12.919,7.392,NA,NA,114.789,5.866666667,0.058666667,0.941333333,94.13333333,NA,67.3497904
33.431,5.54,13.052,8.005,NA,NA,112.625,6.7,0.067,0.933,93.3,NA,66.6976312
37.506,5.472,12.943,7.611,NA,NA,113.26,6.966666667,0.069666667,0.930333333,93.03333333,NA,67.4385633
41.692,5.63,13.451,9.418,NA,NA,111.958,6.4,0.064,0.936,93.6,NA,66.8639053
45.688,6.1,13.862,10.426,NA,NA,112.627,5.566666667,0.055666667,0.944333333,94.43333333,NA,66.5366277
48.183,6.605,14.397,11.322,NA,NA,111.193,4.633333333,0.046333333,0.953666667,95.36666667,NA,66.3394683
45.938,6.595,14.673,12.76,NA,NA,111.498,4.233333333,0.042333333,0.957666667,95.76666667,NA,66.0582524
43.56,6.423,14.872,11.457,NA,NA,110.933,3.5,0.035,0.965,96.5,NA,66.9666292
37.741,6.5,15.13,11.722,NA,NA,112.234,3.1,0.031,0.969,96.9,NA,67.4817518
35.359,6.576,15.442,10.859,NA,NA,110.29,3.166666667,0.031666667,0.968333333,96.83333333,NA,67.3601148
35.699,6.468,15.476,9.994,NA,NA,111.365,3.366666667,0.033666667,0.966333333,96.63333333,47.3793271,67.2874209
36.634,6.531,15.641,10.255,NA,NA,111.874,3.066666667,0.030666667,0.969333333,96.93333333,47.23892051,68.1375956
37.314,6.635,15.675,9.481,NA,NA,112.787,2.966666667,0.029666667,0.970333333,97.03333333,49.31316038,68.4703434
36.952,6.118,15.788,9.99,NA,NA,113.47,3.233333333,0.032333333,0.967666667,96.76666667,48.99142731,68.6541738
38.948,6.66,16.306,10.709,NA,NA,113.161,2.833333333,0.028333333,0.971666667,97.16666667,44.08942436,68.1981101
39.576,7.021,16.609,10.94,NA,NA,113.372,2.7,0.027,0.973,97.3,42.07728278,68.1048258
39.707,7.091,16.738,11.002,2.43,2.996666667,113.679,2.566666667,0.025666667,0.974333333,97.43333333,37.74893686,68.3528296
38.221,7.249,16.644,10.772,2.286666667,2.916666667,113.975,2.733333333,0.027333333,0.972666667,97.26666667,35.49125982,68.3828174
37.91,7.183,16.392,9.994,1.706666667,2.643333333,115.363,3.7,0.037,0.963,96.3,41.18252121,69.6341858
38.325,6.994,16.313,9.922,1.226666667,2.44,115.711,5.266666667,0.052666667,0.947333333,94.73333333,45.62259401,68.685567
40.824,6.931,16.331,9.898,0.876666667,2.346666667,114.875,5.8,0.058,0.942,94.2,52.08505425,68.064
43.31,7.108,16.516,10.376,0.916666667,2.346666667,113.882,5.966666667,0.059666667,0.940333333,94.03333333,61.13668703,67.5
46.02,7.099,16.839,10.831,1.173333333,2.473333333,113.217,5.333333333,0.053333333,0.946666667,94.66666667,62.3939496,66.9950739
49.404,7.22,17.32,11.913,1.516666667,2.646666667,111.308,4.733333333,0.047333333,0.952666667,95.26666667,65.00572905,66.2686567
50.114,7.65,17.601,12.638,1.853333333,2.763333333,111.498,4.4,0.044,0.956,95.6,76.14227893,66.4531159
49.047,8.03,17.839,12.832,2.25,2.946666667,111.928,4.1,0.041,0.959,95.9,82.53827967,66.7998858
46.989,8.27,17.946,13.129,2.533333333,2.91,112.247,4.233333333,0.042333333,0.957666667,95.76666667,81.52841094,66.7132867
45.788,8.168,17.877,12.754,2.56,2.9,114.321,4.033333333,0.040333333,0.959666667,95.96666667,87.7821286,67.2294492
45.551,8.315,18.024,12.654,2.866666667,3.083333333,115.256,4.2,0.042,0.958,95.8,80.40967726,67.3191952
44.69,8.398,18.008,12.541,3.07,3.273333333,115.564,4.133333333,0.041333333,0.958666667,95.86666667,74.05174613,67.3387097
44.024,8.399,18.305,12.424,3.466666667,3.473333333,115.584,4.133333333,0.041333333,0.958666667,95.86666667,83.55771665,67.3850197
43.42,8.443,18.422,12.232,3.39,3.403333333,114.58,3.933333333,0.039333333,0.960666667,96.06666667,73.58399077,67.1741935
42.392,8.426,18.381,12.219,3.54,3.626666667,115.475,4.1,0.041,0.959,95.9,81.65178605,67.3605757
41.833,8.597,18.561,12.499,3.963333333,3.926666667,114.786,4.233333333,0.042333333,0.957666667,95.76666667,66.7735137,67.5165732
41.779,8.398,18.37,11.538,3.586666667,3.633333333,115.658,4.933333333,0.049333333,0.950666667,95.06666667,66.76477648,67.8166838
40.136,7.865,17.893,10.76,2.16,3.04,116.862,6.3,0.063,0.937,93.7,73.26849838,68.29653
40.28,7.574,18.01,10.543,1.35,2.923333333,115.516,7.366666667,0.073666667,0.926333333,92.63333333,80.89166181,67.7722643
43.183,7.495,18.427,11.352,2.386666667,3.5,115.417,7.333333333,0.073333333,0.926666667,92.66666667,97.57133919,67.3808924
47.678,7.776,18.858,12.32,3.193333333,3.8,113.451,6.366666667,0.063666667,0.936333333,93.63333333,105.4118086,66.4794922
53.06,8.019,19.22,12.991,3.503333333,3.99,113.895,5.833333333,0.058333333,0.941666667,94.16666667,107.9923861,66.7143538
54.912,8.249,19.653,14.002,3.916666667,4.256666667,113.508,5.1,0.051,0.949,94.9,115.2897659,66.1968577
53.885,8.471,19.667,13.098,4.603333333,4.503333333,113.55,5.266666667,0.052666667,0.947333333,94.73333333,108.4228922,66.8374476
52.359,8.448,19.723,13.524,4.916666667,4.583333333,114.424,5.6,0.056,0.944,94.4,122.6713329,66.9048168
53.967,8.741,20.166,14.884,4.57,4.486666667,114.09,5.133333333,0.051333333,0.948666667,94.86666667,106.0439526,66.8082253
49.548,8.869,20.058,13.496,3.87,4.26,116.397,5.233333333,0.052333333,0.947666667,94.76666667,110.8050615,67.4787662
48.068,8.714,20.156,13.462,3.073333333,3.833333333,115.934,5.533333333,0.055333333,0.944666667,94.46666667,93.46320535,67.5066905
48.018,8.693,19.897,11.971,2.993333333,3.886666667,117.609,6.266666667,0.062666667,0.937333333,93.73333333,122.2649798,67.6589078
48.213,8.57,20.032,12.281,2.873333333,3.786666667,117.026,6.8,0.068,0.932,93.2,158.1977543,67.7613941
48.405,8.76,20.372,13.142,2.936666667,3.79,115.405,7,0.07,0.93,93,154.7214202,67.1984266
51.045,8.846,20.763,14.164,3.013333333,3.98,114.242,6.766666667,0.067666667,0.932333333,93.23333333,162.3376463,66.9738534
52.783,9.115,21.17,14.398,3.1,3.973333333,114.057,6.2,0.062,0.938,93.8,174.5996599,66.5623696
53.702,9.298,21.547,15.174,3.206666667,4.016666667,113.495,5.633333333,0.056333333,0.943666667,94.36666667,166.3559774,66.7760459
55.366,9.55,21.742,15.055,3.016666667,3.873333333,114.306,5.533333333,0.055333333,0.944666667,94.46666667,127.2072756,66.9561705
55.322,9.668,22.009,15.31,3.183333333,3.99,113.093,5.566666667,0.055666667,0.944333333,94.43333333,130.9424181,66.6999202
55.235,9.632,22.082,14.862,2.996666667,3.903333333,113.358,5.533333333,0.055333333,0.944666667,94.46666667,157.3168373,66.4568168
57.185,9.655,22.323,15.644,3.026666667,3.893333333,113.54,5.766666667,0.057666667,0.942333333,94.23333333,162.1895402,66.5824752
61.285,9.955,22.573,15.893,3.143333333,3.963333333,113.206,5.733333333,0.057333333,0.942666667,94.26666667,165.7877547,66.3105685
62.457,10.228,23.069,16.383,3.526666667,4.033333333,111.652,5.5,0.055,0.945,94.5,167.8445592,66.284533
64.418,10.527,23.221,16.582,3.73,4.12,112.31,5.566666667,0.055666667,0.944333333,94.43333333,159.1987552,66.3461538
68.376,10.747,23.71,17.202,3.826666667,4.18,110.976,5.466666667,0.054666667,0.945333333,94.53333333,163.7661664,66.0756287
64.974,10.999,23.968,17.14,3.86,4.2,111.272,5.2,0.052,0.948,94.8,162.9776597,66.269559
63.934,11.353,24.343,17.54,3.766666667,4.193333333,111.048,5,0.05,0.95,95,163.9709763,66.3698271
62.799,11.595,24.418,17.707,3.93,4.173333333,112.581,4.966666667,0.049666667,0.950333333,95.03333333,167.3111998,66.5689655
63.108,12.333,25.009,19.395,4.01,4.203333333,111.083,4.9,0.049,0.951,95.1,166.4934158,65.8565203
63.659,12.787,25.325,19.446,4.02,4.206666667,111.149,4.666666667,0.046666667,0.953333333,95.33333333,156.6575246,65.8054961
63.96,13.252,25.888,20.123,4.083333333,4.246666667,109.635,4.366666667,0.043666667,0.956333333,95.63333333,165.0973745,65.8442187
62.707,13.79,26.484,20.256,4.463333333,4.473333333,108.969,4.1,0.041,0.959,95.9,165.0548336,65.7853567
64.279,14.368,27.129,21.875,4.93,4.77,109.059,3.866666667,0.038666667,0.961333333,96.13333333,157.0861294,65.8006685
59.279,14.604,27.222,21.551,4.933333333,4.78,110.414,3.833333333,0.038333333,0.961666667,96.16666667,144.2135063,66.2097735
57.31,14.797,27.452,21.392,5.51,5.14,110.797,3.766666667,0.037666667,0.962333333,96.23333333,128.0700639,66.6179266
51.298,14.797,27.677,21.517,5.44,5.003333333,110.321,3.7,0.037,0.963,96.3,130.521023,66.637931
49.886,14.557,27.922,20.989,4.603333333,4.583333333,110.393,3.833333333,0.038333333,0.961666667,96.16666667,144.0939748,66.8848726
55.637,14.522,27.94,20.23,4.246666667,4.82,111.144,3.833333333,0.038333333,0.961666667,96.16666667,144.1516739,66.9576235
58.596,14.497,28.204,20.823,5.126666667,5.246666667,111.117,3.8,0.038,0.962,96.2,146.92885,67.1092669
61.99,14.789,28.417,21.272,5.563333333,5.643333333,111.243,3.9,0.039,0.961,96.1,148.8961773,67.026881
62.173,15.224,28.996,21.699,5.473333333,5.61,110.581,3.733333333,0.037333333,0.962666667,96.26666667,133.7187849,67.3299947
63.69,15.038,29.481,22.529,5.943333333,5.743333333,110.137,3.566666667,0.035666667,0.964333333,96.43333333,143.4278321,67.3175745
64.978,15.244,29.709,21.914,5.51,5.46,111.175,3.533333333,0.035333333,0.964666667,96.46666667,139.4651458,67.5628141
65.878,15.66,29.826,22.153,5.836666667,5.77,112.111,3.4,0.034,0.966,96.6,154.7644289,67.6044226
68.09,16.06,30.293,23.457,6.363333333,6.176666667,111.422,3.4,0.034,0.966,96.6,143.0600535,67.6403414
67.452,16.235,30.385,23.319,6.573333333,6.353333333,112.89,3.433333333,0.034333333,0.965666667,96.56666667,134.3040796,68.0954068
66.917,16.605,30.585,23.792,7.653333333,6.856666667,113.656,3.566666667,0.035666667,0.964333333,96.43333333,125.6621905,68.6090878
62.317,16.518,30.436,22.644,7.9,7.296666667,115.246,3.566666667,0.035666667,0.964333333,96.43333333,115.0101497,69.1235287
62.353,16.401,30.391,21.968,7.553333333,7.366666667,115.722,4.166666667,0.041666667,0.958333333,95.83333333,108.2097945,69.7086498
58.537,16.294,30.434,22.016,7.453333333,7.713333333,114.171,4.766666667,0.047666667,0.952333333,95.23333333,84.53436052,69.2110256
61.913,16.351,30.715,22.374,6.936666667,7.46,113.649,5.166666667,0.051666667,0.948333333,94.83333333,96.37706126,69.0177983
68.152,15.79,30.386,21.186,5.646666667,6.853333333,114.17,5.833333333,0.058333333,0.941666667,94.16666667,102.6068068,69.0410959
71.69,15.92,31.211,23.656,4.05,6.016666667,112.003,5.933333333,0.059333333,0.940666667,94.06666667,108.0071284,68.4738956
78.568,16.137,31.38,24.328,4.993333333,6.246666667,111.964,5.9,0.059,0.941,94.1,105.1285416,68.4297864
82.18,16.208,31.638,24.623,5.75,6.483333333,111.399,6.033333333,0.060333333,0.939666667,93.96666667,99.88356042,68.3008868
85.345,16.54,31.713,23.96,4.726666667,5.89,112.718,5.933333333,0.059333333,0.940666667,94.06666667,103.6719794,68.1927229
90.914,17.067,32.296,25.539,4.406666667,6.033333333,112.699,5.766666667,0.057666667,0.942333333,94.23333333,104.6103686,68.3651805
92.637,17.345,33.029,26.989,4.843333333,6.143333333,111.375,5.7,0.057,0.943,94.3,102.1241088,68.5744115
93.046,17.599,33.341,27.372,5.153333333,6.29,111.529,5.566666667,0.055666667,0.944333333,94.43333333,101.511446,68.0951499
96.334,18.442,33.899,27.544,5.436666667,6.373333333,111.989,5.366666667,0.053666667,0.946333333,94.63333333,109.8162927,67.9441261
99.551,19.216,34.738,29.158,6.31,6.603333333,111.75,4.933333333,0.049333333,0.950666667,95.06666667,100.1032033,68.0707228
94.392,19.93,35.116,30.401,7.016666667,6.806666667,112.023,4.933333333,0.049333333,0.950666667,95.06666667,90.4103215,68.363265
90.344,20.237,34.931,29.299,8.506666667,7.206666667,113.577,4.8,0.048,0.952,95.2,91.21059324,68.3495793
86.248,20.389,35.263,30.342,7.413333333,6.753333333,113.92,4.766666667,0.047666667,0.952333333,95.23333333,74.7367458,68.18145
80.64,20.368,34.96,28.61,7.353333333,7.053333333,114.213,5.133333333,0.051333333,0.948666667,94.86666667,69.12321266,68.4311224
77.385,20.333,35.043,28.496,8.69,7.543333333,113.385,5.2,0.052,0.948,94.8,60.67379932,68.3179096
74.793,20.126,34.712,27.019,9.01,7.963333333,114.399,5.633333333,0.056333333,0.943666667,94.36666667,43.07632302,68.3471263
65.055,19.597,34.577,27.183,7.673333333,7.67,113.069,6.6,0.066,0.934,93.4,39.17406799,68.135391
61.384,18.479,34.156,22.804,6.306666667,7.54,111.936,8.266666667,0.082666667,0.917333333,91.73333333,50.12311585,67.5940237
63.114,18.035,34.4,22.125,6.526666667,8.05,110.832,8.866666667,0.088666667,0.911333333,91.13333333,55.11681387,67.0072678
67.273,18.227,34.989,23.84,7.52,8.296666667,109.754,8.466666667,0.084666667,0.915333333,91.53333333,48.71533182,66.3244068
70.155,18.445,35.46,24.506,6.68,8.063333333,109.856,8.3,0.083,0.917,91.7,50.99897426,66.4324799
76.807,18.84,36.257,26.87,5.976666667,7.753333333,109.09,7.733333333,0.077333333,0.922666667,92.26666667,56.33841808,66.2531827
78.701,19.09,36.523,27.934,6.28,7.773333333,108.912,7.566666667,0.075666667,0.924333333,92.43333333,55.40666336,66.5573981
77.472,19.507,36.724,28.031,6.013333333,7.73,109.412,7.733333333,0.077333333,0.922666667,92.26666667,54.59503295,66.6834677
86.848,19.884,36.99,28.241,5.226666667,7.19,109.409,7.766666667,0.077666667,0.922333333,92.23333333,53.94412265,66.9505647
89.432,20.609,37.427,29.549,5.42,7.353333333,109.234,7.5,0.075,0.925,92.5,48.73667181,66.7566109
99.245,21.178,38.155,31.668,5.693333333,7.37,109.23,7.133333333,0.071333333,0.928666667,92.86666667,48.6507035,66.2100719
98.949,21.601,38.843,33.27,6.28,7.356666667,108.773,6.9,0.069,0.931,93.1,45.49730645,65.8350504
97.777,22.258,38.844,32.436,6.96,7.596666667,110.166,6.666666667,0.066666667,0.933333333,93.33333333,42.86814607,66.1757513
98.689,22.453,38.968,33.068,7.31,8.01,111.715,6.333333333,0.063333333,0.936666667,93.66666667,39.64482095,66.6453572
103.411,24.193,40.474,35.216,7.786666667,8.32,109.45,6,0.06,0.94,94,40.85905825,65.9024044
104.604,25.014,40.881,36.242,8.446666667,8.49,109.398,6.033333333,0.060333333,0.939666667,93.96666667,42.01634681,65.9660549
104.406,25.822,41.43,37.08,9.816666667,8.82,109.209,5.9,0.059,0.941,94.1,38.75609854,65.9137577
101.871,26.416,41.505,37.141,10.3,9.106666667,111.231,5.866666667,0.058666667,0.941333333,94.13333333,39.49641043,66.3649935
100.074,26.39,41.549,37.108,9.936666667,9.113333333,110.892,5.7,0.057,0.943,94.3,38.28921554,66.3989046
98.854,27.17,41.858,36.483,10.15333333,9.103333333,111.166,5.866666667,0.058666667,0.941333333,94.13333333,38.91229389,66.6636975
94.902,27.244,41.963,35.836,12.27,10.44666667,111.934,5.966666667,0.059666667,0.940333333,94.03333333,38.99444323,66.5972493
87.6,27.541,42.094,35.591,13.93333333,11.98666667,111.683,6.3,0.063,0.937,93.7,36.05993381,66.5609271
71.357,26.268,41.227,32.564,10.28333333,10.47666667,112.705,7.333333333,0.073333333,0.926666667,92.66666667,38.90371823,67.0650396
73.549,26.44,41.178,30.415,10.13666667,10.95333333,113.317,7.666666667,0.076666667,0.923333333,92.33333333,41.84550311,66.5590519
80.409,26.993,41.946,33.25,13.84,12.42333333,112.704,7.4,0.074,0.926,92.6,44.63894656,65.6871521
78.443,27.541,42.768,36.328,14.12,12.96,110.357,7.433333333,0.074333333,0.925666667,92.56666667,43.47411012,65.7570489
75.944,28.102,42.451,34.822,15.12666667,13.75,111.468,7.4,0.074,0.926,92.6,41.31949916,65.422042
70.049,28.754,42.959,36.785,16.32,14.84666667,110.574,7.4,0.074,0.926,92.6,35.72565591,64.595566
62.735,29.424,42.491,35.489,13.54666667,14.08666667,111.55,8.233333333,0.082333333,0.917666667,91.76666667,37.42513772,64.7598945
59.116,28.809,41.831,32.132,14.33333333,14.29333333,113.605,8.833333333,0.088333333,0.911666667,91.16666667,31.77229707,65.0221401
57.206,27.911,42.022,32.108,13.79666667,13.93,113.003,9.433333333,0.094333333,0.905666667,90.56666667,30.99946472,64.6119035
57.15,27.109,41.861,31.814,11.84,13.11666667,113.165,9.9,0.099,0.901,90.1,33.10413314,64.6803165
61.677,26.641,41.878,29.354,9.13,10.66666667,112.61,10.66666667,0.106666667,0.893333333,89.33333333,38.53399978,64.8600216
72.281,26.243,42.43,30.372,8.86,10.56333333,111.821,10.36666667,0.103666667,0.896333333,89.63333333,41.56376775,64.6761873
80.698,26.607,43.396,33.061,9.18,10.54333333,109.976,10.13333333,0.101333333,0.898666667,89.86666667,46.08013477,64.3838724
88.577,27.728,44.263,35.131,10.29666667,11.62666667,108.475,9.366666667,0.093666667,0.906333333,90.63333333,45.35502998,64.1509434
92.317,29.404,45.186,38.549,9.953333333,11.68666667,108.548,8.533333333,0.085333333,0.914666667,91.46666667,42.94148783,64.1029579
95.082,30.339,46.07,42.274,10.17666667,11.94333333,109.066,7.866666667,0.078666667,0.921333333,92.13333333,40.78666523,63.8371989
96.743,31.753,46.866,43.649,11.54666667,13.2,108.615,7.433333333,0.074333333,0.925666667,92.56666667,38.89461237,63.8810487
95.613,32.728,47.318,44.594,11.81,12.86666667,108.801,7.433333333,0.074333333,0.925666667,92.56666667,40.00796517,63.9217587
95.707,33.498,47.706,44.015,10.01666667,11.74333333,108.994,7.3,0.073,0.927,92.7,39.53415573,63.7630565
95.934,33.873,48.168,42.808,9.39,11.58333333,108.816,7.233333333,0.072333333,0.927666667,92.76666667,42.30498756,63.8835432
96.746,34.358,48.592,43.538,8.466666667,10.81333333,108.852,7.3,0.073,0.927,92.7,43.68604822,64.1544766
98.548,33.967,49.334,43.241,7.993333333,10.33666667,108.281,7.2,0.072,0.928,92.8,41.49711223,64.0189402
100.697,34.582,49.701,44.834,7.853333333,9.76,109.644,7.033333333,0.070333333,0.929666667,92.96666667,45.41919948,64.5864563
104.786,34.239,50.165,44.821,7.456666667,8.556666667,109.346,7.033333333,0.070333333,0.929666667,92.96666667,49.61958869,64.6742937
110.805,33.545,50.391,44.039,6.606666667,7.603333333,109.664,7.166666667,0.071666667,0.928333333,92.83333333,51.56500645,64.8458014
112.321,33.16,50.873,42.854,5.99,7.306666667,110.406,6.966666667,0.069666667,0.930333333,93.03333333,47.4450285,65.3236932
112.625,33.48,51.147,42.982,5.796666667,7.263333333,111.686,6.833333333,0.068333333,0.931666667,93.16666667,50.96220086,65.6375129
112.432,32.689,51.528,44.142,5.923333333,7.193333333,112.05,6.6,0.066,0.934,93.4,58.75693172,65.7093254
112.819,33.348,52.083,44.165,6.766666667,8.343333333,111.494,6.266666667,0.062666667,0.937333333,93.73333333,59.61619317,65.2883147
111.886,34.275,52.535,44.172,7.126666667,8.876666667,111.739,6,0.06,0.94,94,61.93843613,64.9728628
112.07,34.231,53.437,47.182,7.24,9.123333333,111.608,5.833333333,0.058333333,0.941666667,94.16666667,50.66258784,65.2195099
110.074,34.505,53.713,44.917,6.78,8.416666667,112.386,5.7,0.057,0.943,94.3,52.98111548,65.2506392
111.436,35.277,54.419,45.987,7.3,8.91,112.433,5.466666667,0.054666667,0.945333333,94.53333333,54.32750235,65.366388
111.502,35.498,54.738,46.242,8.003333333,9.1,112.208,5.466666667,0.054666667,0.945333333,94.53333333,53.07145306,65.219106
112.223,35.992,55.467,46.948,8.526666667,8.956666667,111.498,5.333333333,0.053333333,0.946666667,94.66666667,53.85215366,64.8698885
111.138,36.569,56.031,48.541,9.29,9.206666667,111.182,5.2,0.052,0.948,94.8,53.62200755,65.0070703
107.654,37.063,56.459,48.072,8.926666667,8.773333333,109.93,5.233333333,0.052333333,0.947666667,94.76666667,56.50690614,65.0724698
107.156,38.006,56.877,47.64,8.096666667,8.106666667,109.618,5.233333333,0.052333333,0.947666667,94.76666667,60.38167618,65.1361
104.879,37.622,56.989,47.287,7.826666667,7.906666667,110.605,5.366666667,0.053666667,0.946333333,94.63333333,62.94193342,65.6707566
105.807,38.104,57.612,47.757,8.126666667,8.423333333,110.641,5.3,0.053,0.947,94.7,61.43016372,65.6924497
101.636,37.608,57.821,47.771,8.273333333,8.676666667,110.929,5.333333333,0.053333333,0.946666667,94.66666667,63.40090243,65.7038218
96.171,37.875,57.86,46.845,7.826666667,8.703333333,111.09,5.7,0.057,0.943,94.3,55.85684766,66.0469303
90.622,37.279,57.333,44.225,7.303333333,8.396666667,112.077,6.133333333,0.061333333,0.938666667,93.86666667,61.62183349,66.0879584
85.847,36.532,57.065,42.753,6.436666667,8.016666667,111.364,6.6,0.066,0.934,93.4,68.82223828,65.6601069
88.489,36.348,57.51,42.753,6.243333333,8.13,111.101,6.833333333,0.068333333,0.931666667,93.16666667,68.12071715,65.840691
91.481,36.035,57.8,43.6,5.886666667,7.94,110.746,6.866666667,0.068666667,0.931333333,93.13333333,72.21047481,65.975758
93.29,36.014,58.002,45.146,4.866666667,7.346666667,111.316,7.1,0.071,0.929,92.9,82.11043722,66.4075912
98.626,35.873,58.696,44.312,4.356666667,7.303333333,111.763,7.366666667,0.073666667,0.926333333,92.63333333,83.72305518,66.5230974
102.001,37.033,59.333,46.818,4.22,7.376666667,111.398,7.6,0.076,0.924,92.4,83.58986797,66.7074284
102.044,37.6,59.919,47.19,3.416666667,6.616666667,111.13,7.633333333,0.076333333,0.923666667,92.36666667,86.39763323,66.9617429
105.94,38.585,60.544,48.629,3.563333333,6.743333333,110.223,7.366666667,0.073666667,0.926333333,92.63333333,95.93561781,66.7612774
106.013,38.968,60.645,49.776,3.406666667,6.28,109.595,7.133333333,0.071333333,0.928666667,92.86666667,97.58874798,66.6743739
107.427,39.734,60.998,50.062,3.38,5.99,110.437,7.066666667,0.070666667,0.929333333,92.93333333,97.23617109,66.4575762
111.447,40.054,61.289,49.722,3.423333333,5.616666667,109.68,6.8,0.068,0.932,93.2,98.15839451,66.4427322
117.162,41.499,62.122,52.335,3.526666667,5.606666667,109.45,6.633333333,0.066333333,0.933666667,93.36666667,98.0035387,65.8869726
118.911,41.938,62.725,54.329,3.91,6.066666667,108.13,6.566666667,0.065666667,0.934333333,93.43333333,93.89340969,65.7916394
122.758,42.591,63.575,57,5.133333333,7.083333333,108.439,6.2,0.062,0.938,93.8,90.40179202,65.7235911
120.95,43.319,63.947,56.069,5.6,7.333333333,108.347,6,0.06,0.94,94,92.63746749,65.349677
119.089,45.009,64.679,58.376,6.596666667,7.836666667,107.499,5.633333333,0.056333333,0.943666667,94.36666667,89.91092382,65.0655091
116.383,46.672,64.909,58.989,6.726666667,7.483333333,107.614,5.466666667,0.054666667,0.945333333,94.53333333,94.23958155,65.1475797
112.796,47.12,65.102,57.764,5.97,6.62,107.541,5.666666667,0.056666667,0.943333333,94.33333333,98.60024185,64.9787651
116.972,47.42,65.656,57.42,5.653333333,6.323333333,107.784,5.666666667,0.056666667,0.943333333,94.33333333,103.0922369,64.5949625
119.245,48.339,66.102,58.846,5.443333333,5.893333333,107.801,5.566666667,0.055666667,0.944333333,94.43333333,106.919041,64.64336
122.348,49.564,66.597,59.791,5.123333333,5.91,107.957,5.533333333,0.055333333,0.944666667,94.46666667,109.415198,64.4816413
127.682,50.884,67.708,62.663,5.663333333,6.72,107.487,5.5,0.055,0.945,94.5,112.4192691,64.4808904
127.415,52.485,68.315,65.51,5.783333333,6.78,107.538,5.266666667,0.052666667,0.947333333,94.73333333,112.0980659,64.525613
125.967,53.817,69.025,65.424,5.48,6.343333333,107.51,5.333333333,0.053333333,0.946666667,94.66666667,107.9724454,64.4751673
126.611,55.067,69.47,66.745,5.646666667,6.563333333,108.34,5.233333333,0.052333333,0.947666667,94.76666667,104.833775,64.3096984
128.382,56.21,70.625,70.829,5.85,6.696666667,107.383,5,0.05,0.95,95,115.6835248,64.2775443
129.627,58.683,71.508,71.82,5.54,6.243333333,107.195,4.866666667,0.048666667,0.951333333,95.13333333,119.39213,64.0648847
130.995,59.058,72.122,72.892,5.483333333,5.906666667,108.35,4.666666667,0.046666667,0.953333333,95.33333333,116.4097751,64.3387914
133.709,60.975,72.843,76.07,5.313333333,5.586666667,109.468,4.633333333,0.046333333,0.953666667,95.36666667,127.3343104,65.0038111
138.344,63.035,73.517,75.6,5.41,5.596666667,110.172,4.4,0.044,0.956,95.6,127.7398152,65.0501499
142.389,64.032,74.438,77.544,5.093333333,5.203333333,110.137,4.533333333,0.045333333,0.954666667,95.46666667,118.5847886,64.9946679
145.732,65.9,75.641,79.937,4.39,4.67,109.991,4.433333333,0.044333333,0.955666667,95.56666667,132.7840181,65.4427021
146.293,67.36,76.355,82.132,4.663333333,4.983333333,110.332,4.3,0.043,0.957,95.7,135.4929178,65.3558468
148.571,69.148,76.993,82.184,4.88,5.54,110.061,4.266666667,0.042666667,0.957333333,95.73333333,142.8085796,65.5074486
149.688,71.128,78.012,84.439,5.16,5.883333333,109.671,4.233333333,0.042333333,0.957666667,95.76666667,136.981415,65.5928785
150.78,71.444,79.293,86.701,5.606666667,6.14,109.721,4.066666667,0.040666667,0.959333333,95.93333333,153.1201228,65.8280575
151.529,74.062,79.582,86.092,6.186666667,6.48,113.291,4.033333333,0.040333333,0.959666667,95.96666667,161.508965,66.2679591
150.751,76.375,81.031,91.188,6.216666667,6.176666667,110.93,3.933333333,0.039333333,0.960666667,96.06666667,151.2911758,66.0760878
148.406,77.206,81.112,90.294,6.13,5.893333333,112.484,4,0.04,0.96,96,144.0051996,66.2865409
148.559,77.496,81.594,90.466,5.9,5.566666667,111.591,3.9,0.039,0.961,96.1,124.2768053,66.5206165
149.2,76.802,81.329,86.362,4.596666667,5.05,114.083,4.233333333,0.042333333,0.957666667,95.76666667,114.2499495,66.5652093
151.513,75.213,81.835,86.485,3.78,5.27,112.144,4.4,0.044,0.956,95.6,120.7699078,66.2214534
152.457,74.323,81.507,84.614,3.303333333,4.98,111.527,4.833333333,0.048333333,0.951666667,95.16666667,105.6110874,66.2788398
151.479,72.188,81.733,80.423,2.243333333,4.77,110.944,5.5,0.055,0.945,94.5,119.7350168,66.9805572
156.445,70.457,82.41,82.796,2.32,5.076666667,109.189,5.7,0.057,0.943,94.3,119.0350894,66.1748831
160.326,69.662,82.917,84.156,2.343333333,5.1,109.479,5.833333333,0.058333333,0.941666667,94.16666667,106.4610823,65.9896349
160.796,69.436,83.252,84.032,1.813333333,4.26,108.933,5.733333333,0.057333333,0.942666667,94.26666667,92.25652722,65.8763316
163.688,68.501,83.361,83.98,1.53,4.006666667,108.907,5.866666667,0.058666667,0.941333333,94.13333333,93.30037872,65.369576
166.703,68.841,83.791,84.626,1.3,3.92,108.034,5.866666667,0.058666667,0.941333333,94.13333333,89.15057478,65.2272823
169.359,70.745,84.54,85.21,1.153333333,3.62,108.266,6.133333333,0.061333333,0.938666667,93.86666667,98.64865013,65.4032951
179.065,72.245,85.949,88.315,1.223333333,4.233333333,107.177,6.133333333,0.061333333,0.938666667,93.86666667,102.5017963,65.2726661
184.395,73.153,86.941,91.29,1.3,4.286666667,107.315,5.833333333,0.058333333,0.941666667,94.16666667,107.3586229,65.350133
186.538,72.43,87.439,91.471,1.223333333,4.02,106.427,5.7,0.057,0.943,94.3,105.6860386,64.9803595
192.453,74.241,88.12,95.125,1.776666667,4.6,106.825,5.6,0.056,0.944,94.4,103.9088406,64.9362645
193.825,76.363,88.95,96.601,2.08,4.303333333,107.588,5.433333333,0.054333333,0.945666667,94.56666667,98.21399774,64.8709892
196.499,77.931,89.859,98.616,2.466666667,4.173333333,106.528,5.433333333,0.054333333,0.945666667,94.56666667,102.9721511,64.6889997
201.138,79.062,90.857,101.389,3.063333333,4.296666667,105.143,5.3,0.053,0.947,94.7,100.7153217,63.9607995
204.852,80.34,91.299,100.04,3.336666667,4.16,105.118,5.1,0.051,0.949,94.9,100.2926715,63.6437019
207.097,82.015,92.016,101.362,3.786666667,4.213333333,104.735,4.966666667,0.049666667,0.950333333,95.03333333,99.80180221,63.6351473
206.69,82.649,92.539,104.657,4.286666667,4.49,104.4,4.966666667,0.049666667,0.950333333,95.03333333,95.84634598,62.8430707
204.754,85.421,93.787,106.211,4.633333333,4.57,105.031,4.733333333,0.047333333,0.952666667,95.26666667,98.79259255,62.9473182
194.509,86.915,94.017,105.526,5.02,5.07,104.376,4.633333333,0.046333333,0.953666667,95.36666667,92.86481807,62.4987399
183.74,88.405,94.159,105.119,5.09,4.896666667,104.357,4.633333333,0.046333333,0.953666667,95.36666667,92.72763779,62.2778313
175.191,89.342,94.953,103.079,4.986666667,4.63,105.253,4.433333333,0.044333333,0.955666667,95.56666667,94.63789766,63.0416116
167.297,90.951,95.232,102.37,5.01,4.68,106.73,4.5,0.045,0.955,95.5,95.86778771,63.7815256
160.705,92.969,95.84,103.499,4.933333333,4.846666667,105.61,4.5,0.045,0.955,95.5,97.22824009,63.1187383
150.49,94.428,96.417,102.455,4.523333333,4.73,104.641,4.666666667,0.046666667,0.953333333,95.33333333,97.60491772,63.6530741
137.977,95.884,97.005,101.194,3.62,4.26,104.8,4.8,0.048,0.952,95.2,94.49455067,64.1009388
127,96.265,96.61,98.531,2.1,3.663333333,106.31,5,0.05,0.95,95,94.23748765,64.4676176
121.247,96.46,97.163,96.745,2.073333333,3.886666667,104.848,5.333333333,0.053333333,0.946666667,94.66666667,93.94920409,64.2487336
115.096,94.659,96.651,94.805,2.123333333,3.863333333,104.688,6,0.06,0.94,94,90.40503764,63.8972308
103.894,89.147,94.541,85.685,0.993333333,3.253333333,106.392,6.866666667,0.068666667,0.931333333,93.13333333,80.3314689,65.1884342
93.819,82.431,93.439,75.783,0.566666667,2.736666667,102.529,8.266666667,0.082666667,0.917333333,91.73333333,76.42349866,63.5606583
88.052,79.923,93.28,71.414,0.52,3.313333333,103.524,9.3,0.093,0.907,90.7,91.59558163,63.7421863
92.143,79.457,93.618,71.251,0.446666667,3.516666667,102.635,9.633333333,0.096333333,0.903666667,90.36666667,99.86174585,63.2901578
91.952,79.987,94.618,77.839,0.35,3.46,101.601,9.933333333,0.099333333,0.900666667,90.06666667,105.44973,62.8460535
88.987,80.545,95.091,79.61,0.366666667,3.716666667,99.91,9.833333333,0.098333333,0.901666667,90.16666667,107.4342134,62.2785094
93.61,83.187,96.011,83.788,0.38,3.49,100.31,9.633333333,0.096333333,0.903666667,90.36666667,95.59435554,62.6484481
85.315,85.439,96.753,87.524,0.27,2.786666667,100.022,9.466666667,0.094666667,0.905333333,90.53333333,102.093556,62.0680012
86.726,87.1,97.256,87.246,0.256666667,2.863333333,99.583,9.5,0.095,0.905,90.5,122.1458704,62.0071491
86.433,86.982,97.022,85.601,0.273333333,3.46,101.648,9.033333333,0.090333333,0.909666667,90.96666667,124.13051,62.8734642
87.413,89.23,97.68,89.103,0.206666667,3.21,100.164,9.066666667,0.090666667,0.909333333,90.93333333,123.8159649,62.2704875
88.988,93.409,97.642,89.398,0.133333333,2.426666667,100.655,9,0.09,0.91,91,115.2169533,62.4462695
91.296,95.794,98.737,96.288,0.113333333,2.046666667,98.332,8.633333333,0.086333333,0.913666667,91.36666667,121.9204803,61.4081844
96.819,98.241,99.545,98.299,0.156666667,2.036666667,99.805,8.266666667,0.082666667,0.917333333,91.73333333,131.3466191,61.3288411
97.649,100.448,99.998,100.562,0.186666667,1.823333333,99.402,8.2,0.082,0.918,91.8,129.2721073,61.2262366
100.157,100.111,100.173,101.019,0.183333333,1.643333333,99.115,8.033333333,0.080333333,0.919666667,91.96666667,131.5110909,61.6082103
105.375,101.2,100.283,100.12,0.173333333,1.706666667,101.715,7.8,0.078,0.922,92.2,129.4641031,61.9542414
109.2,102.507,101.154,103.853,0.153333333,1.95,99.488,7.733333333,0.077333333,0.922666667,92.26666667,141.5144028,61.7495797
112.682,102.784,101.295,105.015,0.126666667,1.996666667,100.303,7.533333333,0.075333333,0.924666667,92.46666667,141.9551539,61.8214286
114.698,104.539,102.097,109.078,0.123333333,2.71,99.099,7.233333333,0.072333333,0.927666667,92.76666667,141.2460503,61.6768136
112.896,106.679,102.823,109.474,0.123333333,2.746666667,98.436,6.933333333,0.069333333,0.930666667,93.06666667,147.4745071,61.5552301
112.107,108.174,102.463,108.259,0.123333333,2.763333333,100.997,6.666666667,0.066666667,0.933333333,93.33333333,151.1581507,62.1198916
115.697,111.08,103.778,112.828,0.103333333,2.623333333,99.093,6.2,0.062,0.938,93.8,151.4889424,61.3103545
117.388,113.324,104.987,115.136,0.11,2.496666667,98.401,6.066666667,0.060666667,0.939333333,93.93333333,151.1845338,61.2272874
121.558,114.017,105.459,115.261,0.146666667,2.28,99.965,5.7,0.057,0.943,94.3,156.7305403,61.3395432
123.95,113.88,106.316,119.282,0.223333333,1.966666667,100.519,5.533333333,0.055333333,0.944666667,94.46666667,154.6954473,61.6990836
127.055,114.4,106.933,119.641,0.25,2.166666667,100.538,5.433333333,0.054333333,0.945666667,94.56666667,151.5668798,61.7060354
130.481,114.815,107.279,119.399,0.35,2.22,100.697,5.1,0.051,0.949,94.9,144.7587847,62.0183603
132.78,113.893,107.436,117.963,0.463333333,2.19,101.148,5.033333333,0.050333333,0.949666667,94.96666667,151.9083473,62.7178034
136.855,113.779,108.069,117.458,0.576666667,1.92,101.004,4.9,0.049,0.951,95.1,156.2187178,62.3326718
137.028,114.52,108.396,116.843,0.566666667,1.753333333,100.556,4.933333333,0.049333333,0.950666667,95.06666667,154.9197962,62.5387075
136.323,116.013,109.047,117.07,0.556666667,1.563333333,100.312,4.9,0.049,0.951,95.1,153.189485,62.5619551
138.026,116.762,109.589,120.056,0.756666667,2.13,100.318,4.766666667,0.047666667,0.952333333,95.23333333,154.570433,62.7270868
141.321,117.959,110.06,119.459,0.886666667,2.443333333,100.885,4.566666667,0.045666667,0.954333333,95.43333333,160.0194862,62.6111108
142.49,119.174,110.614,121.59,1.12,2.263333333,101.33,4.366666667,0.043666667,0.956333333,95.63333333,152.7216032,62.6068751
142.009,120.12,111.53,123.994,1.243333333,2.243333333,101.128,4.333333333,0.043333333,0.956666667,95.66666667,154.4272372,62.7261963
144.387,122.8,112.651,125.62,1.553333333,2.37,101.398,4.166666667,0.041666667,0.958333333,95.83333333,157.475837,62.9164652
142.26,125.453,113.432,127.506,1.94,2.76,101.265,4.033333333,0.040333333,0.959666667,95.96666667,156.532277,62.7583801
143.874,127.474,114.223,127.741,2.25,2.92,100.469,3.933333333,0.039333333,0.960666667,96.06666667,160.2915797,62.6626736
141.967,128.612,115.047,131.708,2.466666667,2.926666667,100.821,3.766666667,0.037666667,0.962333333,96.23333333,168.9436771,62.5514264
138.838,129.808,115.256,131.614,2.67,3.033333333,100.975,3.833333333,0.038333333,0.961666667,96.16666667,151.7048546,62.3195469
137.961,130.377,115.882,132.901,2.54,2.653333333,102.142,3.866666667,0.038666667,0.961333333,96.13333333,163.1810081,62.9102044
140.144,132.347,116.662,133.684,2.253333333,2.333333333,100.938,3.633333333,0.036333333,0.963666667,96.36666667,159.3958522,62.6280548
141.6,133.682,117.7,134.536,1.843333333,1.796666667,100.315,3.633333333,0.036333333,0.963666667,96.36666667,159.2417795,62.6519585
141.601,133.131,118.222,131.757,1.576666667,1.793333333,101.126,3.6,0.036,0.964,96.4,166.269279,62.6036873
147.391,130.306,116.832,130.061,1.09,1.376666667,103.651,3.8,0.038,0.962,96.2,143.2106377,63.3415883
136.052,119.449,106.92,110.011,0.173333333,0.686666667,106.528,12.96666667,0.129666667,0.870333333,87.03333333,168.2206579,62.0318336
153.386,125.084,115.318,129.461,0.136666667,0.65,102.097,8.833333333,0.088333333,0.911666667,91.16666667,176.3773443,61.4494432
164.856,128.531,116.429,134.934,0.116666667,0.863333333,105,6.766666667,0.067666667,0.932333333,93.23333333,187.6283771,62.3881017
169.443,131.29,118.225,133.09,0.083333333,1.316666667,102.336,6.2,0.062,0.938,93.8,191.0731125,61.7612741
167.346,134.42,120.243,133.379,0.06,1.593333333,101.904,5.933333333,0.059333333,0.940666667,94.06666667,195.0958706,61.4352424
164.861,134.629,121.033,136.704,0.076666667,1.323333333,102.581,5.133333333,0.051333333,0.948666667,94.86666667,187.187949,61.6819342
164.42,135.009,123.085,146.534,0.196666667,1.536666667,101.664,4.2,0.042,0.958,95.8,190.7118619,61.9488678
163.129,137.598,122.58,148.469,0.963333333,1.94,101.876,3.8,0.038,0.962,96.2,187.422878,61.940894
155.308,137.62,122.403,142.919,2.2,2.93,101.153,3.6,0.036,0.964,96.4,164.8332532,61.5031967
143.509,139.705,123.383,139.367,3.396666667,3.106666667,101.907,3.566666667,0.035666667,0.964333333,96.43333333,160.6365652,61.8476078
133.488,141.078,124.17,140.903,4.613333333,3.83,101.908,3.6,0.036,0.964,96.4,160.8582767,62.1618951